DROP TABLE snakes;
DROP TABLE buyers;
DROP TABLE producers;

CREATE TABLE buyers (
	buyerid NUMBER,
	buyercompanyname VARCHAR2(20 BYTE),
	buyerfirstname VARCHAR2(20 BYTE),
	buyerlastname VARCHAR2(20 BYTE),
	buyerstreetaddress VARCHAR2(50 BYTE),
	buyercity VARCHAR2(50 BYTE),
	buyerstate VARCHAR2(2 BYTE),
	buyerzipcode NUMBER,
	buyeremail VARCHAR2(50 BYTE),
	buyerphone NUMBER,
	CONSTRAINT buyer_pk PRIMARY KEY (buyerid)
);


CREATE TABLE producers (
	producerid NUMBER,
	producercompanyname VARCHAR2(50 BYTE),
	producerfirstname VARCHAR2(20 BYTE) NOT NULL,
	producerlastname VARCHAR2(20 BYTE),
	producerstreetaddress VARCHAR2(50 BYTE),
	producercity VARCHAR2(50 BYTE),
	producerstate VARCHAR2(2 BYTE),
	producerzipcode NUMBER(5,0),
	produceremail VARCHAR2(50 BYTE),
	producerphone NUMBER,
	CONSTRAINT producer_pk PRIMARY KEY (producerid)
);

CREATE TABLE snakes (
	snakeid VARCHAR2(20 BYTE),
	snakename VARCHAR2(20 BYTE),
	snakehatchdate DATE,
	snakegender VARCHAR2(20 BYTE) NOT NULL,
	snakesire VARCHAR2(20 BYTE),
	snakedam VARCHAR2(20 BYTE),
	producerid NUMBER,
	buyerid NUMBER,
	snakestatus VARCHAR2(20 BYTE) NOT NULL,
	CONSTRAINT snake_pk PRIMARY KEY (snakeid),
	CONSTRAINT producerid_fk FOREIGN KEY (producerid) REFERENCES producers (producerid),
	CONSTRAINT buyerid_fk FOREIGN KEY (buyerid) REFERENCES buyers (buyerid)
);

INSERT INTO buyers (BUYERID,BUYERFIRSTNAME,BUYERLASTNAME,BUYERSTREETADDRESS,BUYERCITY,BUYERSTATE,BUYERZIPCODE,BUYEREMAIL,BUYERPHONE,BUYERCOMPANYNAME) values (1,'David','Moore','120 Rogers Mill','Duncan','SC',29334,'dm20ppc@charter.net',null,null);
INSERT INTO buyers (BUYERID,BUYERFIRSTNAME,BUYERLASTNAME,BUYERSTREETADDRESS,BUYERCITY,BUYERSTATE,BUYERZIPCODE,BUYEREMAIL,BUYERPHONE,BUYERCOMPANYNAME) values (2,'Frank','Spence','169 Euclid Lane','Opelica','AL',35696,'fspence@yahoo.com',2056894532,null);
INSERT INTO buyers (BUYERID,BUYERFIRSTNAME,BUYERLASTNAME,BUYERSTREETADDRESS,BUYERCITY,BUYERSTATE,BUYERZIPCODE,BUYEREMAIL,BUYERPHONE,BUYERCOMPANYNAME) values (3,'Anna','Michaels','1206 Jefferson Street','Athens','GA',10569,'anna1996@gmail.com',3087984455,'AM Reptiles');
INSERT INTO buyers (BUYERID,BUYERFIRSTNAME,BUYERLASTNAME,BUYERSTREETADDRESS,BUYERCITY,BUYERSTATE,BUYERZIPCODE,BUYEREMAIL,BUYERPHONE,BUYERCOMPANYNAME) values (4,'Homer','Simpson','742 Evergreen Terrace','Springfield','OR',65497,'hsimpson@moes.net',null,null);
INSERT INTO buyers (BUYERID,BUYERFIRSTNAME,BUYERLASTNAME,BUYERSTREETADDRESS,BUYERCITY,BUYERSTATE,BUYERZIPCODE,BUYEREMAIL,BUYERPHONE,BUYERCOMPANYNAME) values (5,'Cory','Hilgendorf','12 Bibb Road','Madison','AL',35758,'chilgendorf@gmail.com',2567837856,null);
INSERT INTO buyers (BUYERID,BUYERFIRSTNAME,BUYERLASTNAME,BUYERSTREETADDRESS,BUYERCITY,BUYERSTATE,BUYERZIPCODE,BUYEREMAIL,BUYERPHONE,BUYERCOMPANYNAME) values (6,'Larry','David','22 Sharons Lane','San Fransisco','CA',80512,'ld@comcast.net',null,'LDs Serpents');
INSERT INTO buyers (BUYERID,BUYERFIRSTNAME,BUYERLASTNAME,BUYERSTREETADDRESS,BUYERCITY,BUYERSTATE,BUYERZIPCODE,BUYEREMAIL,BUYERPHONE,BUYERCOMPANYNAME) values (7,'Patrick','Lance','456 Sanderson Road','New York','NY',16453,'patlan789@gmail.com',9013495463,null);
INSERT INTO buyers (BUYERID,BUYERFIRSTNAME,BUYERLASTNAME,BUYERSTREETADDRESS,BUYERCITY,BUYERSTATE,BUYERZIPCODE,BUYEREMAIL,BUYERPHONE,BUYERCOMPANYNAME) values (8,'Chan','Marshall','202 Millbrook Drive','Portland','OR',33434,'catpower@hotmail.com',null,null);
INSERT INTO buyers (BUYERID,BUYERFIRSTNAME,BUYERLASTNAME,BUYERSTREETADDRESS,BUYERCITY,BUYERSTATE,BUYERZIPCODE,BUYEREMAIL,BUYERPHONE,BUYERCOMPANYNAME) values (9,'James','Miller','13 Brookview Drive','Birmingham','AL',30705,'jimmymiller@charter.net',2056972658,'Miller Reptiles');
INSERT INTO buyers (BUYERID,BUYERFIRSTNAME,BUYERLASTNAME,BUYERSTREETADDRESS,BUYERCITY,BUYERSTATE,BUYERZIPCODE,BUYEREMAIL,BUYERPHONE,BUYERCOMPANYNAME) values (10,'David','Lynch','45 Bob Mill Lane','Twin Peaks','WA',43645,'bob@davidlynch.net',null,'Blue Velvet Reptiles');

INSERT INTO producers (PRODUCERID,PRODUCERCOMPANYNAME,PRODUCERFIRSTNAME,PRODUCERLASTNAME,PRODUCERSTREETADDRESS,PRODUCERCITY,PRODUCERSTATE,PRODUCERZIPCODE,PRODUCEREMAIL,PRODUCERPHONE) values (1,'Ultraviolet Reptiles','Charlotte','Johansson','18256 Newby Chapel rd','Athens','AL',35613,'charlotte@ultravioletreptiles.com',2567836537);
INSERT INTO producers (PRODUCERID,PRODUCERCOMPANYNAME,PRODUCERFIRSTNAME,PRODUCERLASTNAME,PRODUCERSTREETADDRESS,PRODUCERCITY,PRODUCERSTATE,PRODUCERZIPCODE,PRODUCEREMAIL,PRODUCERPHONE) values (2,'Extraordinary Ectotherms','Will','Bird','523 Hammond Drive','Chicago','IL',26987,'will@ectotherms.net',5029387650);
INSERT INTO producers (PRODUCERID,PRODUCERCOMPANYNAME,PRODUCERFIRSTNAME,PRODUCERLASTNAME,PRODUCERSTREETADDRESS,PRODUCERCITY,PRODUCERSTATE,PRODUCERZIPCODE,PRODUCEREMAIL,PRODUCERPHONE) values (3,'Midgard Serpents','Eric','Koller','45 Pine Road','Jasper','WA',49853,'blkthroat82@hotmail.com',null);
INSERT INTO producers (PRODUCERID,PRODUCERCOMPANYNAME,PRODUCERFIRSTNAME,PRODUCERLASTNAME,PRODUCERSTREETADDRESS,PRODUCERCITY,PRODUCERSTATE,PRODUCERZIPCODE,PRODUCEREMAIL,PRODUCERPHONE) values (4,'Redding Reptile Breeders','Howard','Redding','22 Franklin Street','Decatur','OR',68542,'howard@reddingreptilebreeders.com',3018521004);
INSERT INTO producers (PRODUCERID,PRODUCERCOMPANYNAME,PRODUCERFIRSTNAME,PRODUCERLASTNAME,PRODUCERSTREETADDRESS,PRODUCERCITY,PRODUCERSTATE,PRODUCERZIPCODE,PRODUCEREMAIL,PRODUCERPHONE) values (5,'Derek Roddys Black Headed Pythons','Derek','Roddy','698 Peachtree Drive','Orlando','FL',35685,'artisanfoundry@derekroddy.com',null);
INSERT INTO producers (PRODUCERID,PRODUCERCOMPANYNAME,PRODUCERFIRSTNAME,PRODUCERLASTNAME,PRODUCERSTREETADDRESS,PRODUCERCITY,PRODUCERSTATE,PRODUCERZIPCODE,PRODUCEREMAIL,PRODUCERPHONE) values (6,'SBK Reptiles','Steven','Katz','16348 Jefferson Drive','Atlanta','GA',40469,'sbk94@hotmail.com',null);
INSERT INTO producers (PRODUCERID,PRODUCERCOMPANYNAME,PRODUCERFIRSTNAME,PRODUCERLASTNAME,PRODUCERSTREETADDRESS,PRODUCERCITY,PRODUCERSTATE,PRODUCERZIPCODE,PRODUCEREMAIL,PRODUCERPHONE) values (7,'Headhunter Reptiles','Chris','Koeppel','435 Highland Avenue','Thomasville','IA',56548,'koeppel@headhuntertreptiles.com',null);
INSERT INTO producers (PRODUCERID,PRODUCERCOMPANYNAME,PRODUCERFIRSTNAME,PRODUCERLASTNAME,PRODUCERSTREETADDRESS,PRODUCERCITY,PRODUCERSTATE,PRODUCERZIPCODE,PRODUCEREMAIL,PRODUCERPHONE) values (8,'Black Pearl Reptiles','John','Michaels','1848 Sanford Road','Burbank','CA',91503,'jmichaels@blackpearlreptiles.com',8186649875);
INSERT INTO producers (PRODUCERID,PRODUCERCOMPANYNAME,PRODUCERFIRSTNAME,PRODUCERLASTNAME,PRODUCERSTREETADDRESS,PRODUCERCITY,PRODUCERSTATE,PRODUCERZIPCODE,PRODUCEREMAIL,PRODUCERPHONE) values (9,'Paris Reptiles','Andrew','Paris','176 Oxford Drive','Birmingham','AL',30568,'andparis@hotmail.com',2174933491);
INSERT INTO producers (PRODUCERID,PRODUCERCOMPANYNAME,PRODUCERFIRSTNAME,PRODUCERLASTNAME,PRODUCERSTREETADDRESS,PRODUCERCITY,PRODUCERSTATE,PRODUCERZIPCODE,PRODUCEREMAIL,PRODUCERPHONE) values (10,'BHB Reptiles','Lori','Barczyk','7447 Sanderson Drive','Denver','CO',10596,'lori@bhbreptiles.com',5868846646);

INSERT INTO snakes (SNAKEID, SNAKEHATCHDATE, SNAKEGENDER, SNAKESIRE, SNAKEDAM, PRODUCERID, BUYERID, SNAKESTATUS) VALUES ('MB041316-01', TO_DATE('2016-04-13', 'YYYY-MM-DD'), 'Male', 'Monster', 'Bathory', '1', '1', 'Alive');
INSERT INTO snakes (SNAKEID, SNAKEHATCHDATE, SNAKEGENDER, SNAKESIRE, SNAKEDAM, PRODUCERID, BUYERID, SNAKESTATUS) VALUES ('MB041316-02', TO_DATE('2016-04-13', 'YYYY-MM-DD'), 'Female', 'Monster', 'Bathory', '1', '4', 'Alive');
INSERT INTO snakes (SNAKEID, SNAKEHATCHDATE, SNAKEGENDER, PRODUCERID, BUYERID, SNAKESTATUS) VALUES ('EK101016-01', TO_DATE('2016-10-10', 'YYYY-MM-DD'), 'Male', '3', '5', 'Alive');
INSERT INTO snakes (SNAKEID, SNAKENAME, SNAKEHATCHDATE, SNAKEGENDER, SNAKESIRE, SNAKEDAM, PRODUCERID, BUYERID, SNAKESTATUS) VALUES ('VS052214-03', 'Sam', TO_DATE('2014-05-22', 'YYYY-MM-DD'), 'Male', 'Vincent', 'Stella', '2', '2', 'Alive');
INSERT INTO snakes (SNAKEID, SNAKEHATCHDATE, SNAKEGENDER, SNAKESIRE, SNAKEDAM, PRODUCERID, BUYERID, SNAKESTATUS) VALUES ('MS031615-06', TO_DATE('2015-03-16', 'YYYY-MM-DD'), 'Female', 'Monster', 'Stella', '4', '3', 'Deceased');
INSERT INTO snakes (SNAKEID, SNAKEHATCHDATE, SNAKEGENDER, SNAKESIRE, SNAKEDAM, PRODUCERID, BUYERID, SNAKESTATUS) VALUES ('BS060412-01', TO_DATE('2012-04-06', 'YYYY-MM-DD'), 'Female', 'Billy', 'Samantha', '9', '6', 'Alive');
INSERT INTO snakes (SNAKEID, SNAKEHATCHDATE, SNAKEGENDER, SNAKESIRE, SNAKEDAM, PRODUCERID, BUYERID, SNAKESTATUS) VALUES ('MM040916-09', TO_DATE('2016-04-09', 'YYYY-MM-DD'), 'Male', 'Monster', 'Molly', '5', '5', 'Alive');
INSERT INTO snakes (SNAKEID, SNAKEHATCHDATE, SNAKEGENDER, SNAKESIRE, SNAKEDAM, PRODUCERID, BUYERID, SNAKESTATUS) VALUES ('MM040916-10', TO_DATE('2016-04-09', 'YYYY-MM-DD'), 'Female', 'Monster', 'Molly', '5', '7', 'Alive');
INSERT INTO snakes (SNAKEID, SNAKEHATCHDATE, SNAKEGENDER, SNAKESIRE, SNAKEDAM, PRODUCERID, BUYERID, SNAKESTATUS) VALUES ('LS051115-02', TO_DATE('2015-05-11', 'YYYY-MM-DD'), 'Female', 'Lanky', 'Stella', '6', '9', 'Alive');
INSERT INTO snakes (SNAKEID, SNAKEHATCHDATE, SNAKEGENDER, SNAKESIRE, SNAKEDAM, PRODUCERID, BUYERID, SNAKESTATUS) VALUES ('TK040609-01', TO_DATE('2009-04-06', 'YYYY-MM-DD'), 'Male', 'Tommy', 'Kestrel', '8', '8', 'Deceased');
INSERT INTO snakes (SNAKEID, SNAKENAME, SNAKEHATCHDATE, SNAKEGENDER, SNAKESIRE, SNAKEDAM, PRODUCERID, BUYERID, SNAKESTATUS) VALUES ('TH091815-01', 'Penny', TO_DATE('2015-09-18', 'YYYY-MM-DD'), 'Female', 'Tiger', 'Honey', '10', '10', 'Alive');

SELECT * FROM snakes;
SELECT * FROM buyers;
SELECT * FROM producers;

-- All snake data with foreign key data from producers and buyers tables.

SELECT SNAKES.SNAKEID,
  SNAKES.SNAKENAME,
  SNAKES.SNAKEHATCHDATE,
  SNAKES.SNAKEGENDER,
  SNAKES.SNAKEDAM,
  SNAKES.SNAKESIRE,
  SNAKES.SNAKESTATUS,
  PRODUCERS.PRODUCERCOMPANYNAME,
  PRODUCERS.PRODUCERFIRSTNAME || ' ' ||  PRODUCERS.PRODUCERLASTNAME AS PRODUCER_NAME,
  BUYERS.BUYERCOMPANYNAME,
  BUYERS.BUYERFIRSTNAME || ' ' || BUYERS.BUYERLASTNAME AS BUYER_NAME
FROM SNAKES
INNER JOIN PRODUCERS
ON PRODUCERS.PRODUCERID = SNAKES.PRODUCERID
INNER JOIN BUYERS
ON BUYERS.BUYERID = SNAKES.BUYERID;

-- Snakes Bought by Cory Hilgendorf

SELECT SNAKES.SNAKEID,
  SNAKES.SNAKENAME,
  buyers.buyerfirstname  || ' ' || buyers.buyerlastname AS Buyer,
  SNAKES.SNAKEGENDER,
  SNAKES.SNAKESTATUS,
  PRODUCERS.PRODUCERCOMPANYNAME
FROM SNAKES
INNER JOIN PRODUCERS
ON PRODUCERS.PRODUCERID = SNAKES.PRODUCERID
INNER JOIN BUYERS
ON BUYERS.BUYERID    = SNAKES.BUYERID
WHERE BUYERS.BUYERID = 5;

-- Deceased Snakes

SELECT SNAKES.SNAKEID,
  SNAKES.SNAKESTATUS,
  PRODUCERS.PRODUCERCOMPANYNAME,
  buyers.buyerfirstname  || ' ' || buyers.buyerlastname AS Buyer
FROM SNAKES
INNER JOIN PRODUCERS
ON PRODUCERS.PRODUCERID = SNAKES.PRODUCERID
INNER JOIN BUYERS
ON BUYERS.BUYERID        = SNAKES.BUYERID
WHERE SNAKES.SNAKESTATUS = 'Deceased';

-- Snakes Produces By Ultraviolet Reptiles

SELECT SNAKES.SNAKEID,
  PRODUCERS.PRODUCERCOMPANYNAME
FROM SNAKES
INNER JOIN PRODUCERS
ON PRODUCERS.PRODUCERID = SNAKES.PRODUCERID
WHERE PRODUCERS.PRODUCERID = 1;